HX337210,7/8/2014,ASSAULT,SIMPLE,SIDEWALK,N,N,1011
HX343229,7/13/2014,ASSAULT,AGGRAVATED: HANDGUN,VACANT LOT/LAND,N,N,1011
HX336753,7/8/2014,ASSAULT,SIMPLE,APARTMENT,N,Y,1011
HX350383,7/18/2014,ASSAULT,SIMPLE,RESIDENCE,N,Y,1011
HX333076,7/6/2014,BATTERY,SIMPLE,RESIDENTIAL YARD (FRONT/BACK),N,N,1011
HX333185,7/6/2014,BATTERY,DOMESTIC BATTERY SIMPLE,RESIDENCE,N,N,1011
HX335839,7/7/2014,BATTERY,SIMPLE,RESIDENTIAL YARD (FRONT/BACK),N,N,1011
HX335842,7/7/2014,BATTERY,AGGRAVATED: OTHER DANG WEAPON,RESIDENTIAL YARD (FRONT/BACK),N,N,1011
HX337747,7/8/2014,BATTERY,SIMPLE,SIDEWALK,Y,N,1011
HX338304,7/9/2014,BATTERY,SIMPLE,SIDEWALK,N,N,1011
HX338741,7/9/2014,BATTERY,SIMPLE,STREET,N,N,1011
HX341848,7/12/2014,BATTERY,DOMESTIC BATTERY SIMPLE,RESIDENCE,Y,N,1011
HX342918,7/13/2014,BATTERY,AGGRAVATED: HANDGUN,SIDEWALK,N,N,1011
HX346948,7/16/2014,BATTERY,AGGRAVATED:KNIFE/CUTTING INSTR,SIDEWALK,N,N,1011
HX348267,7/17/2014,BATTERY,DOMESTIC BATTERY SIMPLE,APARTMENT,Y,N,1011
HX333115,7/6/2014,BATTERY,AGGRAVATED DOMESTIC BATTERY: HANDS/FIST/FEET SERIOUS INJURY,APARTMENT,N,Y,1011
HX333800,7/6/2014,BATTERY,DOMESTIC BATTERY SIMPLE,SIDEWALK,N,Y,1011
HX335501,7/7/2014,BATTERY,DOMESTIC BATTERY SIMPLE,APARTMENT,N,Y,1011
HX337822,7/9/2014,BATTERY,DOMESTIC BATTERY SIMPLE,STREET,N,Y,1011
HX339967,7/10/2014,BATTERY,AGGRAVATED DOMESTIC BATTERY: OTHER DANG WEAPON,RESIDENCE,N,Y,1011
HX339942,7/10/2014,BATTERY,DOMESTIC BATTERY SIMPLE,SIDEWALK,N,Y,1011
HX341158,7/11/2014,BATTERY,DOMESTIC BATTERY SIMPLE,RESIDENCE,N,Y,1011
HX341782,7/12/2014,BATTERY,DOMESTIC BATTERY SIMPLE,SIDEWALK,N,Y,1011
HX345402,7/14/2014,BATTERY,DOMESTIC BATTERY SIMPLE,APARTMENT,Y,Y,1011
HX346772,7/15/2014,BATTERY,SIMPLE,APARTMENT,N,Y,1011
HX347312,7/16/2014,BATTERY,AGGRAVATED DOMESTIC BATTERY: KNIFE/CUTTING INST,APARTMENT,N,Y,1011
HX340028,7/9/2014,BURGLARY,FORCIBLE ENTRY,APARTMENT,N,N,1011
HX344873,7/11/2014,BURGLARY,FORCIBLE ENTRY,APARTMENT,N,N,1011
HX337572,7/8/2014,CRIMINAL DAMAGE,TO PROPERTY,APARTMENT,N,N,1011
HX346588,7/15/2014,CRIMINAL DAMAGE,TO PROPERTY,APARTMENT,N,N,1011
HX351236,7/16/2014,CRIMINAL DAMAGE,TO PROPERTY,RESIDENCE,N,N,1011
HX350692,7/18/2014,CRIMINAL DAMAGE,TO VEHICLE,STREET,N,N,1011
HX345269,7/14/2014,CRIMINAL DAMAGE,TO PROPERTY,APARTMENT,Y,Y,1011
HX348674,7/17/2014,CRIMINAL DAMAGE,TO PROPERTY,RESIDENCE,N,Y,1011
HX339879,7/10/2014,CRIMINAL TRESPASS,TO LAND,STREET,Y,N,1011
HX343189,7/13/2014,DECEPTIVE PRACTICE,UNIDENTIFIABLE RECORDING SOUND,SIDEWALK,Y,N,1011
HX345261,7/14/2014,GAMBLING,GAME/DICE,SIDEWALK,Y,N,1011
HX343190,7/12/2014,MOTOR VEHICLE THEFT,AUTOMOBILE,OTHER,N,N,1011
HX334286,7/6/2014,NARCOTICS,POSS: CANNABIS 30GMS OR LESS,SIDEWALK,Y,N,1011
HX337991,7/9/2014,NARCOTICS,POSS: HEROIN(WHITE),GAS STATION,Y,N,1011
HX338568,7/9/2014,NARCOTICS,MANU/DELIVER:PCP,SIDEWALK,Y,N,1011
HX338641,7/9/2014,NARCOTICS,POSS: HEROIN(WHITE),SIDEWALK,Y,N,1011
HX338962,7/10/2014,NARCOTICS,POSS: HEROIN(WHITE),STREET,Y,N,1011
HX339839,7/10/2014,NARCOTICS,POSS: CANNABIS 30GMS OR LESS,SIDEWALK,Y,N,1011
HX340821,7/11/2014,NARCOTICS,POSS: CANNABIS 30GMS OR LESS,RESIDENCE PORCH/HALLWAY,Y,N,1011
HX344357,7/14/2014,NARCOTICS,POSS: HEROIN(WHITE),SIDEWALK,Y,N,1011
HX344537,7/14/2014,NARCOTICS,POSS: HEROIN(WHITE),RESIDENCE PORCH/HALLWAY,Y,N,1011
HX344815,7/14/2014,NARCOTICS,POSS: CANNABIS 30GMS OR LESS,PARKING LOT/GARAGE(NON.RESID.),Y,N,1011
HX345239,7/14/2014,NARCOTICS,MANU/DELIVER: HEROIN (WHITE),RESIDENTIAL YARD (FRONT/BACK),Y,N,1011
HX345644,7/15/2014,NARCOTICS,POSS: HEROIN(WHITE),SIDEWALK,Y,N,1011
HX346653,7/15/2014,NARCOTICS,MANU/DELIVER:PCP,SIDEWALK,Y,N,1011
HX347777,7/16/2014,NARCOTICS,MANU/DELIVER: HEROIN (WHITE),SIDEWALK,Y,N,1011
HX347924,7/16/2014,NARCOTICS,POSS: CRACK,ALLEY,Y,N,1011
HX348144,7/16/2014,NARCOTICS,MANU/DELIVER:CRACK,RESIDENCE PORCH/HALLWAY,Y,N,1011
HX350664,7/18/2014,NARCOTICS,POSS: CANNABIS 30GMS OR LESS,ALLEY,Y,N,1011
HX350770,7/18/2014,NARCOTICS,POSS: COCAINE,STREET,Y,N,1011
HX337994,7/8/2014,OTHER OFFENSE,LICENSE VIOLATION,RESIDENCE,N,N,1011
HX344666,7/14/2014,OTHER OFFENSE,HAZARDOUS MATERIALS VIOLATION,VACANT LOT/LAND,N,N,1011
HX340074,7/10/2014,OTHER OFFENSE,VIOLATE ORDER OF PROTECTION,STREET,N,Y,1011
HX363480,7/14/2014,OTHER OFFENSE,HARASSMENT BY TELEPHONE,APARTMENT,N,Y,1011
HX337297,7/8/2014,ROBBERY,ARMED: HANDGUN,ALLEY,N,N,1011
HX347252,7/14/2014,ROBBERY,STRONGARM - NO WEAPON,SIDEWALK,N,N,1011
HX336240,7/7/2014,THEFT,$500 AND UNDER,STREET,N,N,1011
HX340542,7/9/2014,THEFT,$500 AND UNDER,STREET,N,N,1011
HX400264,7/10/2014,THEFT,OVER $500,STREET,N,N,1011
HX342226,7/10/2014,THEFT,$500 AND UNDER,STREET,N,N,1011
HX348629,7/12/2014,THEFT,OVER $500,RESIDENCE,N,N,1011
HX343540,7/13/2014,THEFT,$500 AND UNDER,TAXICAB,N,N,1011
HX344824,7/14/2014,THEFT,$500 AND UNDER,RESIDENTIAL YARD (FRONT/BACK),Y,N,1011
HX346276,7/14/2014,THEFT,$500 AND UNDER,STREET,N,N,1011
HX342008,7/12/2014,THEFT,$500 AND UNDER,SIDEWALK,N,Y,1011
HX347936,7/16/2014,THEFT,$500 AND UNDER,APARTMENT,N,Y,1011
HX336552,7/8/2014,WEAPONS VIOLATION,UNLAWFUL POSS AMMUNITION,GAS STATION,Y,N,1011
HX341438,7/11/2014,WEAPONS VIOLATION,UNLAWFUL POSS OF HANDGUN,ALLEY,Y,N,1011
HX333175,7/6/2014,BATTERY,SIMPLE,SIDEWALK,N,N,1012
HX333193,7/6/2014,BATTERY,SIMPLE,STREET,N,N,1012
HX341641,7/12/2014,BATTERY,AGGRAVATED: OTHER DANG WEAPON,RESIDENCE,N,N,1012
HX348228,7/16/2014,BATTERY,SIMPLE,RESIDENCE,N,N,1012
HX339978,7/10/2014,BATTERY,DOMESTIC BATTERY SIMPLE,RESIDENCE PORCH/HALLWAY,N,Y,1012
HX342867,7/13/2014,BATTERY,DOMESTIC BATTERY SIMPLE,APARTMENT,N,Y,1012
HX336470,7/6/2014,BURGLARY,FORCIBLE ENTRY,RESIDENCE-GARAGE,N,N,1012
HX336976,7/8/2014,BURGLARY,FORCIBLE ENTRY,RESIDENCE-GARAGE,N,N,1012
HX339368,7/10/2014,BURGLARY,FORCIBLE ENTRY,APARTMENT,N,N,1012
HX339417,7/9/2014,CRIMINAL DAMAGE,TO PROPERTY,APARTMENT,N,N,1012
HX338817,7/10/2014,CRIMINAL DAMAGE,TO PROPERTY,APARTMENT,N,N,1012
HX348443,7/17/2014,CRIMINAL DAMAGE,TO VEHICLE,PARKING LOT/GARAGE(NON.RESID.),N,N,1012
HX349366,7/17/2014,CRIMINAL DAMAGE,TO VEHICLE,STREET,N,N,1012
HX350671,7/17/2014,CRIMINAL DAMAGE,TO VEHICLE,STREET,N,N,1012
HX354255,7/18/2014,CRIMINAL DAMAGE,TO PROPERTY,APARTMENT,N,N,1012
HX337393,7/9/2014,CRIMINAL DAMAGE,TO PROPERTY,RESIDENCE PORCH/HALLWAY,Y,Y,1012
HX336223,7/7/2014,CRIMINAL TRESPASS,TO LAND,RESIDENCE-GARAGE,N,N,1012
HX337792,7/9/2014,CRIMINAL TRESPASS,TO VEHICLE,PARKING LOT/GARAGE(NON.RESID.),Y,N,1012
HX340637,7/11/2014,DECEPTIVE PRACTICE,FINAN EXPLOIT-ELDERLY/DISABLED,RESIDENCE,N,N,1012
HX341189,7/11/2014,GAMBLING,GAME/DICE,SIDEWALK,Y,N,1012
HX335960,7/8/2014,INTERFERENCE WITH PUBLIC OFFICER,OBSTRUCTING IDENTIFICATION,STREET,Y,N,1012
HX341280,7/11/2014,NARCOTICS,POSS: CANNABIS 30GMS OR LESS,STREET,Y,N,1012
HX342951,7/13/2014,NARCOTICS,POSS: CRACK,RESIDENCE PORCH/HALLWAY,Y,N,1012
HX342938,7/13/2014,NARCOTICS,POSS: HEROIN(WHITE),APARTMENT,Y,N,1012
HX349104,7/17/2014,NARCOTICS,POSS: CANNABIS 30GMS OR LESS,RESIDENCE PORCH/HALLWAY,Y,N,1012
HX349725,7/17/2014,OTHER OFFENSE,TELEPHONE THREAT,RESIDENCE,N,N,1012
HX334321,7/6/2014,OTHER OFFENSE,HARASSMENT BY ELECTRONIC MEANS,RESIDENCE,N,Y,1012
HX333032,7/6/2014,ROBBERY,ARMED: HANDGUN,SIDEWALK,N,N,1012
HX338887,7/10/2014,ROBBERY,ARMED: HANDGUN,CTA BUS STOP,N,N,1012
HX347371,7/16/2014,ROBBERY,ATTEMPT: STRONGARM-NO WEAPON,GAS STATION,N,N,1012
HX336944,7/7/2014,THEFT,OVER $500,ALLEY,N,N,1012
HX340740,7/11/2014,THEFT,RETAIL THEFT,SMALL RETAIL STORE,N,N,1012
HX355531,7/17/2014,THEFT,OVER $500,APARTMENT,N,N,1012
HX349258,7/17/2014,THEFT,$500 AND UNDER,CTA STATION,N,N,1012
HX350263,7/18/2014,THEFT,OVER $500,VACANT LOT/LAND,N,N,1012
HX348597,7/17/2014,WEAPONS VIOLATION,UNLAWFUL POSS OF HANDGUN,APARTMENT,Y,N,1012
HX342571,7/12/2014,ASSAULT,SIMPLE,APARTMENT,N,N,1013
HX346222,7/13/2014,ASSAULT,SIMPLE,APARTMENT,N,N,1013
HX376341,7/13/2014,ASSAULT,SIMPLE,RESIDENCE,N,N,1013
HX345674,7/15/2014,ASSAULT,SIMPLE,STREET,N,N,1013
HX350011,7/18/2014,ASSAULT,SIMPLE,OTHER,N,N,1013
HX336544,7/8/2014,ASSAULT,SIMPLE,RESIDENTIAL YARD (FRONT/BACK),N,Y,1013
HX339951,7/10/2014,ASSAULT,SIMPLE,RESIDENCE,N,Y,1013
HX335564,7/7/2014,BATTERY,SIMPLE,STREET,Y,N,1013
HX336294,7/8/2014,BATTERY,SIMPLE,RESIDENCE PORCH/HALLWAY,Y,N,1013
HX353631,7/10/2014,BATTERY,AGGRAVATED: OTHER DANG WEAPON,SIDEWALK,N,N,1013
HX341333,7/11/2014,BATTERY,AGGRAVATED: OTHER DANG WEAPON,STREET,N,N,1013
HX348757,7/16/2014,BATTERY,DOMESTIC BATTERY SIMPLE,RESIDENCE,N,N,1013
HX347302,7/16/2014,BATTERY,SIMPLE,OTHER,N,N,1013
HX336109,7/6/2014,BATTERY,DOMESTIC BATTERY SIMPLE,RESIDENCE,N,Y,1013
HX335609,7/7/2014,BATTERY,DOMESTIC BATTERY SIMPLE,STREET,N,Y,1013
HX338968,7/9/2014,BATTERY,DOMESTIC BATTERY SIMPLE,RESIDENCE,N,Y,1013
HX346695,7/15/2014,BATTERY,DOMESTIC BATTERY SIMPLE,STREET,N,Y,1013
HX350533,7/18/2014,BATTERY,DOMESTIC BATTERY SIMPLE,APARTMENT,N,Y,1013
HX341625,7/11/2014,BURGLARY,FORCIBLE ENTRY,RESIDENCE,N,N,1013
HX343282,7/12/2014,BURGLARY,FORCIBLE ENTRY,OTHER,N,N,1013
HX344055,7/13/2014,BURGLARY,FORCIBLE ENTRY,APARTMENT,N,N,1013
HX347023,7/15/2014,BURGLARY,FORCIBLE ENTRY,RESIDENCE-GARAGE,N,N,1013
HX348708,7/16/2014,BURGLARY,FORCIBLE ENTRY,SMALL RETAIL STORE,N,N,1013
HX334497,7/6/2014,CRIMINAL DAMAGE,TO VEHICLE,STREET,N,N,1013
HX343053,7/13/2014,CRIMINAL DAMAGE,TO VEHICLE,SIDEWALK,N,N,1013
HX355177,7/17/2014,CRIMINAL DAMAGE,TO PROPERTY,RESIDENCE-GARAGE,N,N,1013
HX351290,7/17/2014,MOTOR VEHICLE THEFT,AUTOMOBILE,STREET,N,N,1013
HX350738,7/17/2014,MOTOR VEHICLE THEFT,AUTOMOBILE,STREET,N,N,1013
HX334121,7/6/2014,NARCOTICS,POSS: CANNABIS 30GMS OR LESS,GAS STATION,Y,N,1013
HX340178,7/11/2014,NARCOTICS,POSS: CRACK,ALLEY,Y,N,1013
HX355409,7/14/2014,OFFENSE INVOLVING CHILDREN,CRIM SEX ABUSE BY FAM MEMBER,RESIDENCE,N,N,1013
HX353528,7/12/2014,OFFENSE INVOLVING CHILDREN,CHILD ABDUCTION,APARTMENT,N,Y,1013
HX341347,7/11/2014,OTHER OFFENSE,OTHER VEHICLE OFFENSE,STREET,N,N,1013
HX339789,7/10/2014,OTHER OFFENSE,TELEPHONE THREAT,RESIDENCE,N,Y,1013
HX332899,7/5/2014,PUBLIC PEACE VIOLATION,RECKLESS CONDUCT,STREET,Y,N,1013
HX337296,7/8/2014,PUBLIC PEACE VIOLATION,RECKLESS CONDUCT,STREET,Y,N,1013
HX344185,7/14/2014,PUBLIC PEACE VIOLATION,RECKLESS CONDUCT,SIDEWALK,Y,N,1013
HX335112,7/7/2014,ROBBERY,STRONGARM - NO WEAPON,STREET,N,N,1013
HX347930,7/16/2014,ROBBERY,ARMED: HANDGUN,VEHICLE NON-COMMERCIAL,N,N,1013
HX350909,7/18/2014,ROBBERY,ARMED:KNIFE/CUTTING INSTRUMENT,STREET,N,N,1013
HX333659,7/6/2014,THEFT,$500 AND UNDER,OTHER,N,N,1013
HX337234,7/8/2014,THEFT,OVER $500,APARTMENT,N,N,1013
HX337895,7/9/2014,THEFT,$500 AND UNDER,OTHER,N,N,1013
HX340775,7/11/2014,THEFT,$500 AND UNDER,STREET,N,N,1013
HX342849,7/12/2014,THEFT,$500 AND UNDER,GAS STATION,N,N,1013
HX343366,7/13/2014,THEFT,$500 AND UNDER,CHURCH/SYNAGOGUE/PLACE OF WORSHIP,N,N,1013
HX345591,7/15/2014,THEFT,RETAIL THEFT,GAS STATION,Y,N,1013
HX347485,7/16/2014,THEFT,$500 AND UNDER,RESIDENCE-GARAGE,N,N,1013
HX347755,7/16/2014,THEFT,RETAIL THEFT,SMALL RETAIL STORE,Y,N,1013
HX348798,7/17/2014,THEFT,$500 AND UNDER,OTHER,N,N,1013
HX355490,7/18/2014,THEFT,OVER $500,RESIDENCE,N,N,1013
HX333974,7/6/2014,WEAPONS VIOLATION,UNLAWFUL POSS OF HANDGUN,STREET,Y,N,1013
HX339541,7/10/2014,ASSAULT,AGGRAVATED PO: HANDGUN,STREET,Y,N,1014
HX333320,7/6/2014,ASSAULT,SIMPLE,RESIDENCE,N,Y,1014
HX335408,7/7/2014,ASSAULT,AGGRAVATED: HANDGUN,RESIDENTIAL YARD (FRONT/BACK),N,Y,1014
HX338818,7/10/2014,BATTERY,SIMPLE,APARTMENT,N,N,1014
HX344054,7/13/2014,BATTERY,SIMPLE,ALLEY,N,N,1014
HX349997,7/18/2014,BATTERY,DOMESTIC BATTERY SIMPLE,RESIDENCE PORCH/HALLWAY,Y,N,1014
HX333310,7/6/2014,BATTERY,DOMESTIC BATTERY SIMPLE,RESIDENCE,Y,Y,1014
HX334390,7/7/2014,BATTERY,DOMESTIC BATTERY SIMPLE,APARTMENT,N,Y,1014
HX335643,7/7/2014,BATTERY,DOMESTIC BATTERY SIMPLE,APARTMENT,N,Y,1014
HX342194,7/12/2014,BATTERY,DOMESTIC BATTERY SIMPLE,RESIDENCE,N,Y,1014
HX343876,7/13/2014,BATTERY,DOMESTIC BATTERY SIMPLE,SIDEWALK,N,Y,1014
HX349736,7/18/2014,BATTERY,DOMESTIC BATTERY SIMPLE,RESIDENTIAL YARD (FRONT/BACK),N,Y,1014
HX335551,7/7/2014,BURGLARY,FORCIBLE ENTRY,APARTMENT,N,N,1014
HX336311,7/7/2014,BURGLARY,UNLAWFUL ENTRY,RESIDENCE,N,N,1014
HX340098,7/10/2014,BURGLARY,FORCIBLE ENTRY,RESIDENCE,N,N,1014
HX343097,7/12/2014,BURGLARY,FORCIBLE ENTRY,APARTMENT,N,N,1014
HX347674,7/16/2014,BURGLARY,FORCIBLE ENTRY,RESIDENCE-GARAGE,N,N,1014
HX341327,7/11/2014,CRIMINAL DAMAGE,TO PROPERTY,STREET,N,N,1014
HX343232,7/13/2014,CRIMINAL DAMAGE,TO PROPERTY,APARTMENT,N,N,1014
HX346404,7/15/2014,CRIMINAL DAMAGE,TO PROPERTY,OTHER,N,N,1014
HX368089,7/17/2014,CRIMINAL DAMAGE,TO PROPERTY,RESIDENCE,N,N,1014
HX350661,7/18/2014,CRIMINAL DAMAGE,TO PROPERTY,APARTMENT,N,N,1014
HX350288,7/18/2014,CRIMINAL TRESPASS,TO LAND,RESIDENCE PORCH/HALLWAY,Y,N,1014
HX336093,7/7/2014,DECEPTIVE PRACTICE,FINANCIAL IDENTITY THEFT OVER $ 300,RESIDENCE,N,N,1014
HX338324,7/9/2014,DECEPTIVE PRACTICE,CREDIT CARD FRAUD,OTHER,N,N,1014
HY180046,7/11/2014,DECEPTIVE PRACTICE,ILLEGAL USE CASH CARD,RESIDENCE,N,N,1014
HX346481,7/13/2014,DECEPTIVE PRACTICE,CREDIT CARD FRAUD,RESIDENCE,N,N,1014
HX343211,7/5/2014,MOTOR VEHICLE THEFT,AUTOMOBILE,STREET,N,N,1014
HX348378,7/16/2014,MOTOR VEHICLE THEFT,AUTOMOBILE,STREET,N,N,1014
HX337149,7/8/2014,NARCOTICS,POSS: CANNABIS MORE THAN 30GMS,STREET,Y,N,1014
HX342042,7/12/2014,NARCOTICS,POSS: CANNABIS MORE THAN 30GMS,RESIDENCE,Y,N,1014
HX348588,7/17/2014,NARCOTICS,CRIMINAL DRUG CONSPIRACY,STREET,Y,N,1014
HX354487,7/9/2014,OTHER OFFENSE,HARASSMENT BY ELECTRONIC MEANS,OTHER,N,Y,1014
HX348725,7/17/2014,OTHER OFFENSE,VIOLATE ORDER OF PROTECTION,RESIDENCE,N,Y,1014
HX341434,7/11/2014,PUBLIC PEACE VIOLATION,RECKLESS CONDUCT,RESIDENTIAL YARD (FRONT/BACK),Y,N,1014
HX337053,7/8/2014,ROBBERY,STRONGARM - NO WEAPON,STREET,N,N,1014
HX337343,7/8/2014,ROBBERY,STRONGARM - NO WEAPON,SIDEWALK,N,N,1014
HX337345,7/9/2014,ROBBERY,ARMED: HANDGUN,SIDEWALK,N,N,1014
HX332735,7/5/2014,THEFT,$500 AND UNDER,RESTAURANT,N,N,1014
HX336281,7/7/2014,THEFT,$500 AND UNDER,SIDEWALK,N,N,1014
HX341415,7/10/2014,THEFT,$500 AND UNDER,VEHICLE NON-COMMERCIAL,N,N,1014
HX341190,7/11/2014,THEFT,$500 AND UNDER,STREET,N,N,1014
HX340517,7/11/2014,THEFT,$500 AND UNDER,SIDEWALK,N,N,1014
HX347743,7/16/2014,THEFT,$500 AND UNDER,VEHICLE NON-COMMERCIAL,N,N,1014
HX349010,7/17/2014,THEFT,$500 AND UNDER,STREET,N,N,1014
HX407419,7/17/2014,THEFT,$500 AND UNDER,STREET,N,N,1014
HX338088,7/9/2014,ARSON,BY FIRE,ALLEY,N,N,1021
HX337971,7/9/2014,ASSAULT,AGG PO HANDS NO/MIN INJURY,CHA HALLWAY/STAIRWELL/ELEVATOR,Y,N,1021
HX349267,7/17/2014,ASSAULT,SIMPLE,RESIDENCE,N,Y,1021
HX349830,7/18/2014,ASSAULT,SIMPLE,APARTMENT,N,Y,1021
HX334172,7/6/2014,BATTERY,SIMPLE,APARTMENT,N,N,1021
HX336188,7/7/2014,BATTERY,SIMPLE,SIDEWALK,N,N,1021
HX335533,7/7/2014,BATTERY,AGGRAVATED:KNIFE/CUTTING INSTR,SIDEWALK,N,N,1021
HX339998,7/10/2014,BATTERY,SIMPLE,STREET,N,N,1021
HX341575,7/11/2014,BATTERY,AGG PO HANDS NO/MIN INJURY,SIDEWALK,Y,N,1021
HX341709,7/12/2014,BATTERY,AGGRAVATED DOMESTIC BATTERY: KNIFE/CUTTING INST,RESIDENCE,Y,N,1021
HX343821,7/13/2014,BATTERY,AGGRAVATED: HANDGUN,STREET,Y,N,1021
HX344040,7/13/2014,BATTERY,SIMPLE,SIDEWALK,N,N,1021
HX345365,7/14/2014,BATTERY,AGG PO HANDS NO/MIN INJURY,STREET,Y,N,1021
HX348464,7/17/2014,BATTERY,SIMPLE,SMALL RETAIL STORE,N,N,1021
HX349264,7/17/2014,BATTERY,AGGRAVATED: OTHER DANG WEAPON,SIDEWALK,N,N,1021
HX335182,7/7/2014,BATTERY,DOMESTIC BATTERY SIMPLE,RESIDENCE,N,Y,1021
HX336550,7/8/2014,BATTERY,AGGRAVATED DOMESTIC BATTERY: OTHER DANG WEAPON,STREET,N,Y,1021
HX339667,7/9/2014,BATTERY,DOMESTIC BATTERY SIMPLE,APARTMENT,N,Y,1021
HX338825,7/10/2014,BATTERY,DOMESTIC BATTERY SIMPLE,RESIDENCE,N,Y,1021
HX339853,7/10/2014,BATTERY,DOMESTIC BATTERY SIMPLE,APARTMENT,N,Y,1021
HX340490,7/11/2014,BATTERY,DOMESTIC BATTERY SIMPLE,APARTMENT,N,Y,1021
HX340489,7/11/2014,BATTERY,DOMESTIC BATTERY SIMPLE,SIDEWALK,N,Y,1021
HX340534,7/11/2014,BATTERY,DOMESTIC BATTERY SIMPLE,APARTMENT,N,Y,1021
HX342783,7/12/2014,BATTERY,DOMESTIC BATTERY SIMPLE,APARTMENT,N,Y,1021
HX343127,7/13/2014,BATTERY,DOMESTIC BATTERY SIMPLE,APARTMENT,Y,Y,1021
HX345846,7/15/2014,BATTERY,DOMESTIC BATTERY SIMPLE,APARTMENT,N,Y,1021
HX350228,7/18/2014,BATTERY,DOMESTIC BATTERY SIMPLE,RESIDENCE,N,Y,1021
HX343798,7/13/2014,BURGLARY,UNLAWFUL ENTRY,APARTMENT,N,N,1021
HX332743,7/5/2014,CRIMINAL DAMAGE,TO VEHICLE,STREET,N,N,1021
HX333653,7/6/2014,CRIMINAL DAMAGE,TO VEHICLE,STREET,N,N,1021
HX334339,7/7/2014,CRIMINAL DAMAGE,TO PROPERTY,APARTMENT,N,N,1021
HX337528,7/8/2014,CRIMINAL DAMAGE,TO VEHICLE,RESIDENCE,N,N,1021
HX339145,7/10/2014,CRIMINAL DAMAGE,TO VEHICLE,ALLEY,N,N,1021
HX341532,7/11/2014,CRIMINAL DAMAGE,TO PROPERTY,OTHER,N,N,1021
HX345411,7/14/2014,CRIMINAL DAMAGE,TO PROPERTY,RESIDENCE,N,N,1021
HX342919,7/13/2014,CRIMINAL TRESPASS,TO VEHICLE,STREET,Y,N,1021
HX346864,7/15/2014,DECEPTIVE PRACTICE,FINANCIAL IDENTITY THEFT OVER $ 300,STREET,Y,N,1021
HX349439,7/17/2014,DECEPTIVE PRACTICE,CREDIT CARD FRAUD,DEPARTMENT STORE,N,N,1021
HX339182,7/10/2014,INTERFERENCE WITH PUBLIC OFFICER,OBSTRUCTING IDENTIFICATION,SIDEWALK,Y,N,1021
HX345754,7/15/2014,INTERFERENCE WITH PUBLIC OFFICER,OBSTRUCTING IDENTIFICATION,SIDEWALK,Y,N,1021
HX348321,7/16/2014,MOTOR VEHICLE THEFT,AUTOMOBILE,STREET,N,N,1021
HX332810,7/5/2014,NARCOTICS,POSS: CANNABIS 30GMS OR LESS,STREET,Y,N,1021
HX335464,7/7/2014,NARCOTICS,MANU/DELIVER:PCP,RESIDENCE PORCH/HALLWAY,Y,N,1021
HX335310,7/7/2014,NARCOTICS,MANU/DELIVER: HEROIN (WHITE),RESIDENCE PORCH/HALLWAY,Y,N,1021
HX338079,7/9/2014,NARCOTICS,POSS: CANNABIS 30GMS OR LESS,STREET,Y,N,1021
HX338570,7/9/2014,NARCOTICS,POSS: CANNABIS 30GMS OR LESS,STREET,Y,N,1021
HX339186,7/10/2014,NARCOTICS,POSS: CANNABIS 30GMS OR LESS,SMALL RETAIL STORE,Y,N,1021
HX344208,7/14/2014,NARCOTICS,POSS: CANNABIS 30GMS OR LESS,STREET,Y,N,1021
HX345980,7/15/2014,NARCOTICS,POSS: CANNABIS 30GMS OR LESS,RESIDENTIAL YARD (FRONT/BACK),Y,N,1021
HX345970,7/15/2014,NARCOTICS,POSS: HEROIN(WHITE),SIDEWALK,Y,N,1021
HX346762,7/15/2014,NARCOTICS,POSS: CANNABIS 30GMS OR LESS,STREET,Y,N,1021
HX348276,7/16/2014,NARCOTICS,POSS: CANNABIS 30GMS OR LESS,SIDEWALK,Y,N,1021
HX349224,7/17/2014,NARCOTICS,POSS: PCP,SIDEWALK,Y,N,1021
HX350484,7/18/2014,NARCOTICS,POSS: CRACK,SIDEWALK,Y,N,1021
HX350896,7/18/2014,NARCOTICS,POSS: COCAINE,SIDEWALK,Y,N,1021
HX344765,7/14/2014,OTHER OFFENSE,SEX OFFENDER: FAIL TO REGISTER,SIDEWALK,Y,N,1021
HX333875,7/6/2014,OTHER OFFENSE,VIOLATE ORDER OF PROTECTION,RESIDENTIAL YARD (FRONT/BACK),Y,Y,1021
HX410206,7/6/2014,OTHER OFFENSE,TELEPHONE THREAT,APARTMENT,N,Y,1021
HX341648,7/11/2014,PUBLIC PEACE VIOLATION,RECKLESS CONDUCT,SIDEWALK,Y,N,1021
HX340598,7/10/2014,THEFT,$500 AND UNDER,STREET,N,N,1021
HX340857,7/11/2014,THEFT,$500 AND UNDER,APARTMENT,N,N,1021
HX349431,7/17/2014,THEFT,$500 AND UNDER,APARTMENT,N,N,1021
HX364983,7/18/2014,THEFT,$500 AND UNDER,RESIDENCE,N,N,1021
HX336991,7/8/2014,ASSAULT,PRO EMP HANDS NO/MIN INJURY,PARK PROPERTY,N,N,1022
HX338807,7/10/2014,ASSAULT,SIMPLE,RESIDENCE,N,N,1022
HX340461,7/11/2014,ASSAULT,PRO EMP HANDS NO/MIN INJURY,CTA STATION,N,N,1022
HX348756,7/17/2014,ASSAULT,SIMPLE,"SCHOOL, PRIVATE, GROUNDS",N,N,1022
HX343255,7/13/2014,ASSAULT,SIMPLE,APARTMENT,N,Y,1022
HX344221,7/14/2014,ASSAULT,AGGRAVATED: HANDGUN,SIDEWALK,N,Y,1022
HX337397,7/9/2014,BATTERY,AGGRAVATED DOMESTIC BATTERY: KNIFE/CUTTING INST,SIDEWALK,N,N,1022
HX340670,7/11/2014,BATTERY,SIMPLE,APARTMENT,N,N,1022
HX344347,7/13/2014,BATTERY,SIMPLE,STREET,N,N,1022
HX347916,7/16/2014,BATTERY,SIMPLE,SIDEWALK,N,N,1022
HX350147,7/18/2014,BATTERY,SIMPLE,SIDEWALK,N,N,1022
HX333184,7/6/2014,BATTERY,DOMESTIC BATTERY SIMPLE,APARTMENT,Y,Y,1022
HX333845,7/6/2014,BATTERY,DOMESTIC BATTERY SIMPLE,APARTMENT,Y,Y,1022
HX336746,7/8/2014,BATTERY,AGGRAVATED DOMESTIC BATTERY: KNIFE/CUTTING INST,RESIDENCE,N,Y,1022
HX341047,7/11/2014,BATTERY,DOMESTIC BATTERY SIMPLE,RESIDENCE,N,Y,1022
HX343064,7/13/2014,BATTERY,DOMESTIC BATTERY SIMPLE,RESIDENCE,N,Y,1022
HX345572,7/15/2014,BATTERY,DOMESTIC BATTERY SIMPLE,APARTMENT,N,Y,1022
HX349654,7/18/2014,BATTERY,DOMESTIC BATTERY SIMPLE,APARTMENT,N,Y,1022
HX336052,7/7/2014,BURGLARY,FORCIBLE ENTRY,RESTAURANT,N,N,1022
HX342631,7/12/2014,BURGLARY,UNLAWFUL ENTRY,APARTMENT,N,N,1022
HX351097,7/18/2014,BURGLARY,FORCIBLE ENTRY,APARTMENT,N,N,1022
HX334802,7/5/2014,CRIM SEXUAL ASSAULT,AGGRAVATED: OTHER,APARTMENT,N,N,1022
HX335511,7/6/2014,CRIMINAL DAMAGE,TO PROPERTY,STREET,N,N,1022
HX335274,7/6/2014,CRIMINAL DAMAGE,TO VEHICLE,STREET,N,N,1022
HX340563,7/11/2014,CRIMINAL DAMAGE,TO VEHICLE,VEHICLE NON-COMMERCIAL,N,N,1022
HX340942,7/11/2014,CRIMINAL DAMAGE,TO VEHICLE,STREET,N,N,1022
HX343727,7/13/2014,CRIMINAL DAMAGE,TO PROPERTY,PARK PROPERTY,N,N,1022
HX349791,7/18/2014,CRIMINAL DAMAGE,TO VEHICLE,STREET,N,N,1022
HX337440,7/9/2014,CRIMINAL DAMAGE,TO VEHICLE,STREET,N,Y,1022
HX346974,7/16/2014,CRIMINAL DAMAGE,TO PROPERTY,APARTMENT,N,Y,1022
HX336427,7/8/2014,CRIMINAL TRESPASS,TO STATE SUP LAND,GOVERNMENT BUILDING/PROPERTY,Y,N,1022
HX354820,7/11/2014,DECEPTIVE PRACTICE,FINANCIAL IDENTITY THEFT OVER $ 300,OTHER,N,N,1022
HX345867,7/15/2014,DECEPTIVE PRACTICE,FINANCIAL IDENTITY THEFT OVER $ 300,RESIDENCE,N,N,1022
HX333521,7/6/2014,MOTOR VEHICLE THEFT,AUTOMOBILE,STREET,N,N,1022
HX333979,7/6/2014,NARCOTICS,POSS: CRACK,STREET,Y,N,1022
HX334063,7/6/2014,NARCOTICS,POSS: HEROIN(WHITE),RESIDENCE PORCH/HALLWAY,Y,N,1022
HX334094,7/6/2014,NARCOTICS,POSS: HEROIN(WHITE),SIDEWALK,Y,N,1022
HX338520,7/9/2014,NARCOTICS,POSS: CANNABIS 30GMS OR LESS,PARK PROPERTY,Y,N,1022
HX339588,7/10/2014,NARCOTICS,MANU/DELIVER: HEROIN (WHITE),SIDEWALK,Y,N,1022
HX339721,7/10/2014,NARCOTICS,POSS: CANNABIS 30GMS OR LESS,STREET,Y,N,1022
HX339962,7/10/2014,NARCOTICS,MANU/DELIVER: HEROIN (WHITE),SIDEWALK,Y,N,1022
HX341289,7/11/2014,NARCOTICS,MANU/DELIVER:PCP,VEHICLE NON-COMMERCIAL,Y,N,1022
HX342692,7/12/2014,NARCOTICS,POSS: HEROIN(WHITE),STREET,Y,N,1022
HX345293,7/14/2014,NARCOTICS,POSS: COCAINE,SIDEWALK,Y,N,1022
HX346516,7/15/2014,NARCOTICS,POSS: COCAINE,PARK PROPERTY,Y,N,1022
HX334751,7/6/2014,OFFENSE INVOLVING CHILDREN,ENDANGERING LIFE/HEALTH CHILD,STREET,N,N,1022
HX337608,7/9/2014,OFFENSE INVOLVING CHILDREN,ENDANGERING LIFE/HEALTH CHILD,STREET,N,N,1022
HX338318,7/9/2014,OTHER OFFENSE,OTHER VEHICLE OFFENSE,COMMERCIAL / BUSINESS OFFICE,Y,N,1022
HX342430,7/12/2014,OTHER OFFENSE,VIOLATE ORDER OF PROTECTION,STREET,N,Y,1022
HX334182,7/6/2014,ROBBERY,ARMED: OTHER DANGEROUS WEAPON,SIDEWALK,N,N,1022
HX341441,7/11/2014,ROBBERY,ARMED: HANDGUN,PARKING LOT/GARAGE(NON.RESID.),N,N,1022
HX341677,7/12/2014,ROBBERY,STRONGARM - NO WEAPON,ALLEY,N,N,1022
HX349313,7/17/2014,ROBBERY,ARMED:KNIFE/CUTTING INSTRUMENT,PARK PROPERTY,N,N,1022
HX332922,7/5/2014,THEFT,RETAIL THEFT,GAS STATION,Y,N,1022
HX333962,7/6/2014,THEFT,$500 AND UNDER,STREET,N,N,1022
HX339779,7/9/2014,THEFT,$500 AND UNDER,STREET,N,N,1022
HX339808,7/10/2014,THEFT,$500 AND UNDER,STREET,N,N,1022
HX343197,7/10/2014,THEFT,OVER $500,OTHER,N,N,1022
HX344925,7/13/2014,THEFT,$500 AND UNDER,ALLEY,N,N,1022
HX344585,7/14/2014,THEFT,$500 AND UNDER,CTA BUS,N,N,1022
HX346846,7/16/2014,THEFT,RETAIL THEFT,GAS STATION,N,N,1022
HX352589,7/18/2014,THEFT,$500 AND UNDER,APARTMENT,N,N,1022
HX341979,7/12/2014,ASSAULT,PRO EMP HANDS NO/MIN INJURY,HOSPITAL BUILDING/GROUNDS,N,N,1023
HX344257,7/14/2014,ASSAULT,AGGRAVATED: OTHER DANG WEAPON,STREET,N,Y,1023
HX344482,7/14/2014,BATTERY,SIMPLE,STREET,N,N,1023
HX345645,7/15/2014,BATTERY,PRO EMP HANDS NO/MIN INJURY,HOSPITAL BUILDING/GROUNDS,Y,N,1023
HX345669,7/15/2014,BATTERY,PRO EMP HANDS NO/MIN INJURY,HOSPITAL BUILDING/GROUNDS,Y,N,1023
HX339665,7/10/2014,BATTERY,DOMESTIC BATTERY SIMPLE,APARTMENT,N,Y,1023
HX343349,7/13/2014,BATTERY,DOMESTIC BATTERY SIMPLE,APARTMENT,N,Y,1023
HX345928,7/14/2014,BURGLARY,FORCIBLE ENTRY,APARTMENT,N,N,1023
HX334612,7/7/2014,CRIM SEXUAL ASSAULT,ATTEMPT NON-AGGRAVATED,APARTMENT,Y,Y,1023
HX334621,7/6/2014,CRIMINAL DAMAGE,TO PROPERTY,RESTAURANT,N,N,1023
HX336570,7/8/2014,CRIMINAL DAMAGE,TO VEHICLE,STREET,N,N,1023
HX338708,7/9/2014,CRIMINAL DAMAGE,CRIMINAL DEFACEMENT,RESIDENCE,Y,N,1023
HX342859,7/12/2014,CRIMINAL DAMAGE,CRIMINAL DEFACEMENT,SIDEWALK,Y,N,1023
HX333669,7/6/2014,CRIMINAL TRESPASS,TO LAND,GROCERY FOOD STORE,Y,N,1023
HX343104,7/13/2014,CRIMINAL TRESPASS,TO LAND,PARKING LOT/GARAGE(NON.RESID.),Y,N,1023
HX345003,7/14/2014,CRIMINAL TRESPASS,TO STATE SUP LAND,CHA HALLWAY/STAIRWELL/ELEVATOR,N,N,1023
HX343066,7/13/2014,MOTOR VEHICLE THEFT,AUTOMOBILE,STREET,N,N,1023
HX344181,7/13/2014,MOTOR VEHICLE THEFT,THEFT/RECOVERY: AUTOMOBILE,STREET,N,N,1023
HX339930,7/10/2014,NARCOTICS,MANU/DELIVER: HEROIN (WHITE),VEHICLE NON-COMMERCIAL,Y,N,1023
HX348073,7/16/2014,NARCOTICS,MANU/DELIVER: HEROIN (WHITE),ALLEY,Y,N,1023
HX354130,7/18/2014,OFFENSE INVOLVING CHILDREN,CHILD ABUSE,RESIDENCE,N,Y,1023
HX339050,7/10/2014,OTHER OFFENSE,TELEPHONE THREAT,HOSPITAL BUILDING/GROUNDS,N,N,1023
HX333727,7/6/2014,THEFT,$500 AND UNDER,OTHER,N,N,1023
HX339484,7/8/2014,THEFT,FROM BUILDING,OTHER,N,N,1023
HX339766,7/10/2014,THEFT,$500 AND UNDER,ATHLETIC CLUB,N,N,1023
HX339990,7/10/2014,THEFT,$500 AND UNDER,SIDEWALK,N,N,1023
HX342073,7/12/2014,THEFT,$500 AND UNDER,STREET,N,N,1023
HX345143,7/14/2014,THEFT,$500 AND UNDER,ATHLETIC CLUB,N,N,1023
HX346012,7/15/2014,THEFT,OVER $500,STREET,N,N,1023
HX346536,7/15/2014,THEFT,$500 AND UNDER,ATHLETIC CLUB,N,N,1023
HX368070,7/17/2014,THEFT,OVER $500,HOSPITAL BUILDING/GROUNDS,N,N,1023
HX348600,7/17/2014,THEFT,$500 AND UNDER,STREET,N,N,1023
HX338162,7/9/2014,ASSAULT,SIMPLE,SIDEWALK,N,N,1024
HX350799,7/18/2014,ASSAULT,AGGRAVATED:KNIFE/CUTTING INSTR,BARBERSHOP,N,N,1024
HX334434,7/7/2014,BATTERY,AGGRAVATED OF A CHILD,APARTMENT,N,N,1024
HX338749,7/9/2014,BATTERY,SIMPLE,SIDEWALK,N,N,1024
HX340141,7/11/2014,BATTERY,AGGRAVATED PO: OTHER DANG WEAP,STREET,N,N,1024
HX350640,7/18/2014,BATTERY,SIMPLE,SIDEWALK,N,N,1024
HX336289,7/8/2014,BATTERY,DOMESTIC BATTERY SIMPLE,SIDEWALK,N,Y,1024
HX341644,7/12/2014,BATTERY,DOMESTIC BATTERY SIMPLE,RESIDENCE,Y,Y,1024
HX345430,7/14/2014,BATTERY,DOMESTIC BATTERY SIMPLE,APARTMENT,N,Y,1024
HX348459,7/17/2014,BATTERY,DOMESTIC BATTERY SIMPLE,APARTMENT,N,Y,1024
HX354693,7/17/2014,BURGLARY,FORCIBLE ENTRY,APARTMENT,N,N,1024
HX338915,7/10/2014,CRIM SEXUAL ASSAULT,NON-AGGRAVATED,RESIDENCE,N,N,1024
HX334632,7/6/2014,CRIMINAL DAMAGE,TO VEHICLE,STREET,N,N,1024
HX343076,7/13/2014,CRIMINAL DAMAGE,TO VEHICLE,STREET,N,N,1024
HX349775,7/18/2014,CRIMINAL DAMAGE,TO VEHICLE,STREET,N,N,1024
HX387345,7/15/2014,DECEPTIVE PRACTICE,FINANCIAL IDENTITY THEFT OVER $ 300,APARTMENT,N,N,1024
HX358395,7/16/2014,DECEPTIVE PRACTICE,ILLEGAL USE CASH CARD,OTHER,N,N,1024
HX334109,7/6/2014,NARCOTICS,POSS: CANNABIS 30GMS OR LESS,ALLEY,Y,N,1024
HX335750,7/7/2014,NARCOTICS,POSS: CANNABIS 30GMS OR LESS,ALLEY,Y,N,1024
HX340546,7/11/2014,NARCOTICS,POSS: CANNABIS 30GMS OR LESS,POLICE FACILITY/VEH PARKING LOT,Y,N,1024
HX340590,7/11/2014,NARCOTICS,POSS: CANNABIS 30GMS OR LESS,STREET,Y,N,1024
HX341798,7/12/2014,NARCOTICS,POSS: COCAINE,SIDEWALK,Y,N,1024
HX342671,7/12/2014,NARCOTICS,POSS: COCAINE,STREET,Y,N,1024
HX349144,7/17/2014,NARCOTICS,POSS: CANNABIS 30GMS OR LESS,STREET,Y,N,1024
HY114494,7/17/2014,OFFENSE INVOLVING CHILDREN,CHILD PORNOGRAPHY,RESTAURANT,N,N,1024
HX336987,7/8/2014,OTHER OFFENSE,TELEPHONE THREAT,RESIDENCE,N,N,1024
HX366693,7/16/2014,OTHER OFFENSE,HARASSMENT BY TELEPHONE,APARTMENT,N,Y,1024
HX342818,7/12/2014,PUBLIC PEACE VIOLATION,RECKLESS CONDUCT,STREET,Y,N,1024
HX342964,7/13/2014,PUBLIC PEACE VIOLATION,RECKLESS CONDUCT,SIDEWALK,Y,N,1024
HX336710,7/8/2014,ROBBERY,ARMED: HANDGUN,STREET,Y,N,1024
HX340728,7/11/2014,ROBBERY,STRONGARM - NO WEAPON,STREET,N,N,1024
HX341161,7/11/2014,ROBBERY,STRONGARM - NO WEAPON,SIDEWALK,N,N,1024
HX332884,7/5/2014,THEFT,OVER $500,STREET,N,N,1024
HX334663,7/7/2014,THEFT,OVER $500,STREET,N,N,1024
HX340574,7/11/2014,THEFT,$500 AND UNDER,STREET,N,N,1024
HX344038,7/13/2014,THEFT,OVER $500,VEHICLE NON-COMMERCIAL,N,N,1024
HX345436,7/14/2014,THEFT,$500 AND UNDER,APARTMENT,N,N,1024
HX346348,7/15/2014,THEFT,$500 AND UNDER,RESIDENTIAL YARD (FRONT/BACK),N,N,1024
HX350400,7/17/2014,THEFT,OVER $500,ALLEY,N,N,1024
HX349723,7/18/2014,THEFT,PURSE-SNATCHING,SIDEWALK,N,N,1024
HX333106,7/6/2014,WEAPONS VIOLATION,UNLAWFUL POSS OF HANDGUN,STREET,N,N,1024
HX334396,7/7/2014,WEAPONS VIOLATION,UNLAWFUL POSS AMMUNITION,STREET,Y,N,1024
HX338934,7/10/2014,ASSAULT,SIMPLE,APARTMENT,N,N,1031
HX339934,7/10/2014,ASSAULT,SIMPLE,SIDEWALK,Y,N,1031
HX412831,7/12/2014,ASSAULT,SIMPLE,RESIDENCE,N,N,1031
HX343172,7/13/2014,ASSAULT,SIMPLE,SIDEWALK,Y,Y,1031
HX333991,7/6/2014,BATTERY,SIMPLE,STREET,N,N,1031
HX341592,7/11/2014,BATTERY,SIMPLE,BAR OR TAVERN,N,N,1031
HX342994,7/13/2014,BATTERY,SIMPLE,STREET,N,N,1031
HX343464,7/13/2014,BATTERY,SIMPLE,STREET,N,N,1031
HX343938,7/13/2014,BATTERY,AGGRAVATED: HANDGUN,SIDEWALK,N,N,1031
HX346832,7/15/2014,BATTERY,SIMPLE,APARTMENT,N,N,1031
HX349949,7/18/2014,BATTERY,DOMESTIC BATTERY SIMPLE,RESIDENCE,Y,N,1031
HX337475,7/9/2014,BATTERY,DOMESTIC BATTERY SIMPLE,APARTMENT,N,Y,1031
HX338356,7/9/2014,BATTERY,DOMESTIC BATTERY SIMPLE,RESIDENCE,N,Y,1031
HX343779,7/13/2014,BATTERY,DOMESTIC BATTERY SIMPLE,APARTMENT,Y,Y,1031
HX344014,7/13/2014,BATTERY,DOMESTIC BATTERY SIMPLE,RESIDENCE,N,Y,1031
HX347655,7/16/2014,BATTERY,DOMESTIC BATTERY SIMPLE,APARTMENT,N,Y,1031
HX347694,7/16/2014,BATTERY,DOMESTIC BATTERY SIMPLE,APARTMENT,N,Y,1031
HX334601,7/7/2014,BURGLARY,ATTEMPT FORCIBLE ENTRY,RESTAURANT,N,N,1031
HX342731,7/12/2014,BURGLARY,UNLAWFUL ENTRY,GROCERY FOOD STORE,N,N,1031
HX343473,7/13/2014,BURGLARY,UNLAWFUL ENTRY,RESIDENCE,N,N,1031
HX345788,7/15/2014,BURGLARY,UNLAWFUL ENTRY,RESIDENCE-GARAGE,N,N,1031
HX351360,7/18/2014,BURGLARY,FORCIBLE ENTRY,RESIDENCE-GARAGE,N,N,1031
HX352157,7/18/2014,BURGLARY,UNLAWFUL ENTRY,APARTMENT,N,N,1031
HX333686,7/6/2014,BURGLARY,UNLAWFUL ENTRY,APARTMENT,N,Y,1031
HX334650,7/7/2014,CRIMINAL DAMAGE,CRIMINAL DEFACEMENT,PARK PROPERTY,Y,N,1031
HX348967,7/7/2014,CRIMINAL DAMAGE,TO VEHICLE,STREET,N,N,1031
HX342726,7/11/2014,CRIMINAL DAMAGE,TO VEHICLE,STREET,N,N,1031
HX342214,7/11/2014,CRIMINAL DAMAGE,TO VEHICLE,DRIVEWAY - RESIDENTIAL,N,N,1031
HX344296,7/12/2014,CRIMINAL DAMAGE,TO VEHICLE,STREET,N,N,1031
HX346777,7/15/2014,CRIMINAL DAMAGE,TO VEHICLE,STREET,N,N,1031
HX350320,7/18/2014,CRIMINAL DAMAGE,TO VEHICLE,ALLEY,N,Y,1031
HX333179,7/6/2014,CRIMINAL TRESPASS,TO VEHICLE,STREET,Y,N,1031
HX345204,7/14/2014,DECEPTIVE PRACTICE,FINANCIAL IDENTITY THEFT $300 AND UNDER,APARTMENT,N,N,1031
HX348984,7/17/2014,MOTOR VEHICLE THEFT,AUTOMOBILE,STREET,N,N,1031
HX334324,7/6/2014,NARCOTICS,POSS: COCAINE,SIDEWALK,Y,N,1031
HX341717,7/12/2014,NARCOTICS,POSS: COCAINE,SIDEWALK,Y,N,1031
HX346916,7/16/2014,NARCOTICS,POSS: COCAINE,STREET,Y,N,1031
HX347921,7/16/2014,NARCOTICS,POSS: CANNABIS 30GMS OR LESS,SIDEWALK,Y,N,1031
